Odczytanie wielokątu,1.1042059934698045
Dodanie wielokątu,18.251675000879914
Zaktualizowanie wielokątu,18.754120940808207
Usunięcie wielokątu,17.97774014202878
