count,time
1,2.3691723763477057
10,3.697233283892274
32,7.176311585353687
72,14.231920740567148
195,38.06808188557625
604,117.6247478381265
