Odczytanie wielokątu,1.1042059934698045
Dodanie wielokątu,17.251675000879914
Zaktualizowanie wielokątu,17.754120940808207
Usunięcie wielokątu,16.97774014202878
