count,time
41,9.06947920913808
172,30.830979695310816
415,70.60574352508411
1244,208.46388708101586
3039,617.3082413361408
