count,time
3,1.5022521605715156
6,1.569114939775318
19,4.016869723564014
57,4.201096976175904
161,8.909741323441267
