count,time
1,1.5796451864298433
10,1.8014117586426437
32,2.093095079762861
72,2.643262438941747
195,4.824734919238836
604,12.115905618993565
