Odczytanie wielokątu,0.6240621022880077
Dodanie wielokątu,17.81201434088871
Zaktualizowanie wielokątu,18.661000156542286
Usunięcie wielokątu,17.769694556482136
