count,time
41,3.1311973778065294
172,4.944339717039838
415,9.277639598585665
1244,24.779714518226683
3039,125.18231045803988
