count,time
3,2.339421137003228
6,2.722278495784849
19,5.689456561813131
57,13.659685900202021
161,34.17743292171508
