count,time
41,3.533462124178186
172,8.027836277615279
415,18.185446901479736
1244,53.89661261579022
3039,191.71254999702796
