Odczytanie wielokątu,0.43020699988119304
Dodanie wielokątu,16.42752723651938
Zaktualizowanie wielokątu,15.904120466439055
Usunięcie wielokątu,17.202812042087317
