count,time
3,4.329047558130696
6,5.585157359018922
19,12.909653820097446
57,37.75743277743459
161,98.17720389459282
