count,time
1,1.2238364841323346
10,1.4139780413825065
32,1.982232716400176
72,3.050652917008847
195,6.087581334868446
604,16.211262720171362
