count,time
41,1.0369066079069549
173,1.1274976469265918
416,2.3583086925791577
1245,3.8556253489572554
3040,6.9198310065005595
