Wyświetlenie wielokątu,0.45039960444749644
Dodanie wielokątu,2.975640861263188
Zaktualizowanie wielokątu,2.1313629135644683
Usunięcie wielokątu,0.6589615437590207
