count,time
1,0.649139986668403
10,0.6929349583185588
32,0.7897996810575326
72,0.9187823630714168
195,1.643117528144891
604,6.22107221208668
