count,time
3,0.8093431070990239
6,1.329249940866915
19,2.244803492274756
57,4.840525393164716
161,10.58036909874839
