Wyświetlenie punktu,0.485678844479844
Dodanie punktu,1.7455114705565695
Zaktualizowanie punktu,1.9667250545695425
Usunięcie punktu,0.40736999528016893
