Wyświetlenie wielokątu,0.36688794754445553
Dodanie wielokątu,2.1248701281418714
Zaktualizowanie wielokątu,1.6275429525257399
Usunięcie wielokątu,0.49366630546671025
