count,time
1,0.597563391031387
10,0.6630047809022168
32,0.7288754985124494
73,0.9027729257281559
197,1.507197989236253
609,6.271847288194112
