count,time
44,0.43948886850848795
177,0.4529437712044455
417,0.8031459237953338
1252,1.72510691282417
3048,3.216865888707495
