count,time
3,0.3768866094488961
6,0.6642161342703427
19,0.772688946290873
58,0.9271866541472263
163,1.7617707405394565
