count,time
1,0.8267597281335232
10,0.9640852270647884
32,0.9410541192201587
73,1.4173269392340444
197,1.9979745989432558
609,7.799384147359524
