count,time
44,0.7426319038184981
177,1.458021904726047
417,2.849996795101712
1252,4.173802919088242
3048,7.089801836537663
