Wyświetlenie punktu,0.17773127964853
Dodanie punktu,1.5076119525940157
Zaktualizowanie punktu,1.4127966215019114
Usunięcie punktu,0.45104946789409345
