count,time
3,0.7319407915968138
6,1.57230185753045
19,1.9099961599024633
58,3.8468835505385264
163,7.151892907451838
