Wyświetlenie wielokątu,0.43291491010071087
Dodanie wielokątu,2.5851135584758596
Zaktualizowanie wielokątu,1.845601635259421
Usunięcie wielokątu,0.620330999896396
