count,time
2,0.9337440446240362
3,1.0663673221226782
6,2.667231227803277
13,4.157324097615201
22,7.394098744678777
