count,time
41,0.34582502772216683
172,0.7408147875801661
415,0.9305995192413684
1244,1.4197647027787752
3039,2.8906596844643353
