Wyświetlenie punktu,0.3142123613040894
Dodanie punktu,2.058821911665145
Zaktualizowanie punktu,1.8986066321341786
Usunięcie punktu,0.5709218487632461
