Wyświetlenie wielokątu,0.31208394490531643
Dodanie wielokątu,6.289261739583453
Zaktualizowanie wielokątu,5.189005453981227
Usunięcie wielokątu,0.5917871282342821
