count,time
1,1.2544463481614365
10,1.375069475658238
32,1.4222101019194815
72,1.534306789599359
195,2.2465385907585733
604,7.038818405818892
