count,time
44,0.7813702216208912
176,0.9118017213861458
416,1.2097823164402508
1251,1.4949881061702035
3047,2.970822563401889
