count,time
3,0.9337440446240362
6,1.0663673221226782
19,2.667231227803277
58,4.157324097615201
163,7.394098744678777
