Wyświetlenie wielokątu,0.22836126395966858
Dodanie wielokątu,5.804403309962945
Zaktualizowanie wielokątu,4.893598684165627
Usunięcie wielokątu,0.5286440459568985
