count,time
3,0.33311407442088237
6,0.7173403962771409
19,0.7911382630537264
58,0.8490425515372771
163,1.311346726778429
