count,time
44,0.3340936310205143
176,0.7650521177984774
416,0.8278740206977818
1251,1.2597952008445281
3047,2.799395353263244
