count,time
1,0.526538518499583
10,0.6831241242622491
32,0.7128164637601003
73,0.8462694397429005
197,1.5437294383626432
609,6.400020068670856
