count,time
1,0.6826743252086453
10,0.7630854459456168
32,0.7294105361355468
73,0.891737609487027
197,1.5273429915937595
609,6.073557606148533
