Wyświetlenie punktu,0.2577282748604193
Dodanie punktu,1.5411954266275278
Zaktualizowanie punktu,1.4415874296845868
Usunięcie punktu,0.51034747752361
