count,time
3,0.42254158794414254
6,1.1042206506361254
19,1.397468658767175
58,1.6498463754425756
163,2.325288077520672
