Wyświetlenie wielokątu,1.2187408132525162
Dodanie wielokątu,5.988004995409865
Zaktualizowanie wielokątu,5.186501694906037
Usunięcie wielokątu,2.6689306821511125
