Wyświetlenie wielokątu,0.3087408132525162
Dodanie wielokątu,6.088004995409865
Zaktualizowanie wielokątu,5.186501694906037
Usunięcie wielokątu,0.6089306821511125
